"f_Enterobacteriaceae";"f_Akkermansiaceae";"f_Oscillospiraceae";"f_Lachnospiraceae";"o_Eubacteriales";"f_Rikenellaceae";"f_Veillonellaceae";"f_Bacteroidaceae";"f_Streptococcaceae";"f_Peptostreptococcaceae";"f_Porphyromonadaceae";"f_Coprobacillaceae";"f_Bifidobacteriaceae";"f_Coriobacteriaceae";"f_Erysipelotrichaceae";"p_Bacillota";"f_Clostridiaceae_1";"f_Prevotellaceae";"f_Acidaminococcaceae";"f_Enterococcaceae";"f_Christensenellaceae";"k_Bacteria";"f_Eggerthellaceae";"c_Clostridia";"f_Odoribacteraceae";"f_Lactobacillaceae";"f_Leuconostocaceae";"f_Fusobacteriaceae";"f_Pasteurellaceae";"f_Muribaculaceae";"f_Desulfovibrionaceae";"f_Barnesiellaceae";"f_Eubacteriales_incertae_sedis";"f_Streptophyta";"o_Bacteroidales";"p_Bacteroidota";"p_Candidatus_Saccharibacteria";"f_Turicibacteraceae";"f_Selenomonadaceae";"f_Sutterellaceae";"o_Negativibacillus";"c_Coriobacteriia";"f_Eubacteriales_incertae_sedis_XIII";"f_Succinivibrionaceae";"c_Alphaproteobacteria";"f_Micrococcaceae";"f_Carnobacteriaceae";"f_Peptococcaceae";"f_Pseudomonadaceae";"f_Bacillales_Incertae_Sedis_XI";"f_Atopobiaceae";"f_Sphingomonadaceae";"f_Poaceae";"f_Erythrobacteraceae";"c_Mollicutes";"f_Peptoniphilaceae";"f_Helicobacteraceae";"f_Synergistaceae";"f_Actinomycetaceae";"f_Eubacteriaceae";"f_Chitinophagaceae";"f_Victivallaceae";"f_Chlamydiaceae";"f_Oxalobacteraceae";"f_Propionibacteriaceae";"f_Staphylococcaceae";"o_Rhodospirillales";"f_Elusimicrobiaceae";"p_Pseudomonadota";"f_Aerococcaceae";"f_Corynebacteriaceae";"f_Methylobacteriaceae";"f_Treponemataceae";"o_Enterobacterales";"f_Brucellaceae";"f_Xanthomonadaceae";"f_Anaeroplasmataceae";"f_Puniceicoccaceae";"f_Cardiobacteriaceae";"f_Campylobacteraceae";"o_Spirochaetales";"o_Erysipelotrichales";"f_Caryophanaceae";"f_Hafniaceae";"f_Deferribacteraceae";"c_Planctomycetia";"f_Morganellaceae";"f_Yersiniaceae";"f_Comamonadaceae";"f_Fibrobacteraceae";"f_Burkholderiaceae";"f_Promicromonosporaceae";"f_Arcobacteraceae";"c_Negativicutes";"f_Aeromonadaceae";"o_Lactobacillales";"c_Actinobacteria";"Bacteria";"f_Syntrophomonadaceae";"o_Burkholderiales";"f_Lawsonellaceae";"f_Microbacteriaceae";"f_Moraxellaceae";"c_Opitutia";"f_Neisseriaceae";"NA.";"f_Bacillariophyta";"f_Brachyspiraceae";"f_Leptotrichiaceae";"c_Bacilli";"f_Weeksellaceae";"f_Bacillaceae";"f_Legionellaceae";"f_Methanobacteriaceae";"c_Betaproteobacteria"
273;14545;7270;11550;259;21;0;106;597;57;29;3441;71;104;256;44;225;131;8;221;6;283;129;0;0;33;5;0;51;6;25;0;93;0;37;38;28;30;0;0;7;207;0;0;0;0;27;0;0;5;213;15;0;49;0;0;0;0;0;0;0;0;0;0;0;0;0;0;0;0;0;0;0;0;0;0;0;0;0;0;0;2;0;0;0;0;0;0;0;0;0;0;0;0;0;0;0;0;0;0;0;0;0;0;0;0;0;0;0;0;0;0;0;0;0
8661;26;8368;2752;87;61;184;405;7112;281;69;1018;59;148;596;19;2732;635;7;0;7;13;27;0;15;102;50;137;782;26;83;67;81;0;200;47;194;286;0;7;0;7;0;0;0;20;28;0;0;130;22;21;0;0;0;52;32;0;0;0;0;0;7;0;6;0;0;0;0;8;0;4;0;0;0;0;0;0;0;0;0;0;0;0;0;0;0;0;0;6;0;0;0;0;0;0;0;0;0;0;0;0;0;0;0;0;0;0;0;0;3;0;0;0;0
4035;633;5142;2283;1224;3098;719;5860;4;0;1033;32;7;0;70;1774;27;1044;696;0;1131;559;78;295;584;0;0;0;0;2819;253;176;0;0;5;583;0;0;0;183;12;0;64;0;0;0;0;0;0;0;0;0;0;0;9;0;0;22;0;0;0;12;0;35;0;0;0;0;0;0;0;4;0;3;0;0;0;9;0;0;0;0;0;0;0;0;0;0;0;0;0;0;0;0;0;0;0;0;0;0;0;0;0;0;0;0;0;0;0;0;0;0;0;0;0
123;1205;7809;3170;155;338;11913;2065;75;550;134;31;497;53;901;792;608;2117;34;0;12;147;27;0;13;230;0;0;24;85;55;87;37;11;522;236;357;40;0;138;0;30;2;0;0;0;0;0;0;0;0;9;0;0;0;0;39;3;0;0;0;0;14;0;17;6;5;0;0;0;0;0;18;0;0;0;10;0;0;0;9;0;0;0;7;0;0;0;0;0;0;0;0;0;0;0;0;0;0;0;0;0;0;0;0;0;0;0;0;0;0;0;0;0;0
0;29;10438;6539;578;3106;26;5482;23;73;608;496;89;0;22;87;31;832;382;0;124;537;53;119;369;0;0;0;0;2740;105;481;20;0;755;3112;0;63;0;54;32;0;26;0;0;0;0;0;0;0;0;4;0;0;0;0;0;0;0;0;0;0;0;29;0;0;0;0;37;0;0;2;0;0;0;0;0;0;0;0;0;0;0;0;0;0;0;0;0;0;0;0;0;0;0;0;0;0;0;0;0;0;0;0;0;0;0;0;0;0;0;0;0;0;0
15919;187;3046;2057;4394;23;108;142;7329;1242;32;170;110;207;495;0;4937;780;56;0;133;184;36;164;0;17;0;0;9;3;0;22;80;0;0;2;167;383;65;23;0;0;10;0;0;141;98;0;0;257;82;0;0;0;0;0;0;0;73;0;6;5;0;0;9;0;0;0;0;0;0;0;0;0;0;0;0;0;2;0;0;0;0;0;0;0;0;0;0;0;0;0;0;0;0;0;0;0;0;0;0;0;0;0;0;0;0;0;0;0;0;0;0;0;0
1616;6571;1384;11072;13;25;1163;3187;7026;795;189;442;372;0;2607;0;306;221;16;320;0;14;468;0;7;271;132;0;3154;0;0;9;85;495;0;3;7;35;0;18;0;0;0;0;0;150;70;0;0;32;0;11;667;0;0;0;0;0;52;0;12;0;0;0;0;0;0;0;0;0;0;0;0;0;0;0;0;0;50;3;0;0;0;0;0;0;0;0;0;0;0;0;0;0;0;0;0;0;0;0;0;0;0;0;4;0;0;0;0;0;0;0;0;0;0
2425;129;4753;4904;252;447;134;2009;1609;934;155;6128;276;53;1156;334;312;2085;62;24;32;204;129;13;30;569;0;0;7;306;66;0;86;0;1251;535;928;357;86;8;0;31;16;0;0;15;36;0;0;0;0;31;0;0;0;0;116;0;36;0;7;0;37;0;47;0;0;10;13;0;0;0;57;0;0;0;17;0;0;0;22;24;0;0;13;0;0;0;0;0;0;0;0;0;0;0;0;0;0;0;0;0;0;0;0;0;0;0;0;0;0;0;0;0;0
3325;973;15804;4996;923;2482;253;1616;12;30;4;61;2356;0;42;109;8;0;1528;6;135;385;136;181;1394;427;0;0;0;118;54;464;0;0;83;44;0;0;0;169;47;38;25;0;0;0;0;0;0;0;0;4;0;0;0;0;0;0;0;0;0;7;0;0;0;0;0;0;0;0;0;0;0;0;0;0;0;0;0;0;0;0;0;0;0;0;0;0;0;0;0;0;0;0;0;0;0;0;0;0;0;0;0;0;0;0;0;0;0;0;0;0;0;0;0
6416;1621;8930;8700;491;126;575;181;7283;369;64;19;885;978;1920;832;191;171;287;0;491;306;91;95;5;123;14;0;0;485;65;14;121;30;7;4;107;3;4;0;0;14;33;0;0;238;73;0;0;69;94;11;0;0;0;0;5;12;72;2;10;0;0;0;0;0;0;0;0;0;0;0;0;0;0;0;0;0;0;0;0;0;0;0;0;0;0;0;0;0;0;0;0;0;0;0;4;0;0;0;0;0;0;0;0;0;0;0;0;0;0;0;0;0;0
125;661;6940;4269;10511;1954;2;3084;521;430;940;14;81;0;349;1203;221;247;192;244;6;67;39;113;157;17;0;0;0;0;0;831;0;0;0;0;33;24;0;0;0;0;34;0;0;0;0;0;0;0;0;0;0;0;0;0;0;0;0;0;0;0;0;10;0;0;0;0;0;0;0;0;0;0;0;0;0;0;0;0;0;0;0;0;0;0;0;0;0;0;0;0;0;0;0;0;0;0;0;0;0;0;0;0;0;0;0;0;0;0;0;0;0;0;0
901;2542;13131;7332;805;133;102;668;1975;283;173;118;1257;901;1620;712;149;1421;705;370;357;544;304;138;40;90;0;0;141;23;251;22;21;20;150;485;26;16;0;0;0;19;37;0;0;53;31;0;0;37;13;44;0;115;0;0;7;0;0;0;7;0;5;15;0;0;0;0;0;0;0;0;0;0;0;0;0;0;0;0;0;0;0;0;0;0;0;0;0;0;0;0;0;0;0;0;0;0;0;0;0;0;0;0;0;0;0;0;0;0;0;0;0;0;0
3958;10867;6308;2548;11619;0;148;69;64;548;37;239;0;364;800;798;703;399;2;0;332;849;771;245;0;11;0;0;7;0;5;0;11;0;100;12;0;601;59;0;8;0;9;18;0;0;0;0;0;0;237;6;0;0;0;0;0;0;23;0;11;0;0;0;0;0;0;0;0;0;0;0;0;0;0;0;0;0;0;0;0;0;0;0;0;0;0;0;0;0;0;0;0;0;0;0;0;0;0;0;0;0;0;0;0;0;0;0;0;0;0;0;0;0;0
209;0;10565;21781;97;124;254;844;2837;2344;99;49;1766;2660;224;0;0;0;19;0;0;5;154;0;0;302;64;0;0;0;3;33;129;4;5;2;0;0;0;13;0;0;0;0;0;0;7;0;0;5;10;0;0;0;0;0;0;0;0;0;4;0;0;0;0;0;0;0;0;31;0;0;0;0;0;0;0;0;0;0;0;0;0;0;0;0;0;0;0;0;0;0;0;0;0;0;0;0;0;0;0;0;0;0;0;0;0;0;0;0;0;0;0;0;0
442;321;6033;7281;653;83;40;963;1525;903;118;597;504;2946;2904;2999;2192;737;29;230;4;3298;190;76;188;2100;0;0;121;113;0;22;248;44;86;52;99;13;0;12;0;163;209;0;0;89;73;0;0;83;40;21;17;73;0;0;9;0;38;0;0;0;0;0;8;0;0;0;0;0;7;0;0;0;0;0;0;0;0;2;0;2;0;0;0;0;0;0;0;0;0;0;0;0;0;0;0;0;0;0;0;0;0;0;0;0;0;0;0;0;0;0;0;0;0
4235;21;3227;3053;12816;28;275;91;4805;141;11;128;141;0;208;51;839;9;0;0;24;189;60;53;0;6110;17;9;23;0;111;9;24;10;0;0;61;0;0;0;9;44;19;0;0;0;39;0;0;74;11;0;0;0;0;0;0;0;19;0;0;0;0;0;0;0;0;0;0;0;0;0;0;0;0;0;0;0;0;0;0;0;0;0;0;0;0;0;0;0;0;0;0;0;0;0;0;0;0;0;0;0;0;0;0;0;0;0;0;0;0;0;0;0;0
33;0;8549;1448;2377;2673;0;10617;264;13;696;0;41;325;42;5924;0;481;326;0;546;605;25;87;264;28;0;0;0;60;571;429;0;0;79;19;0;0;0;469;30;0;9;0;0;0;0;0;0;0;2;0;0;0;0;0;0;20;8;0;0;175;0;32;0;0;0;0;0;0;0;0;0;0;0;0;0;13;0;0;0;0;0;0;0;0;0;0;0;0;0;0;0;0;0;0;0;7;0;0;0;0;0;5;0;0;0;0;0;0;0;0;0;0;0
168;8;8885;2674;5714;61;166;248;180;254;31;2082;1276;722;2209;1250;53;1017;72;61;229;545;491;107;26;325;19;0;0;34;81;11;46;14;236;98;10;14;26;9;0;105;30;0;0;74;0;53;0;0;605;14;0;0;11;0;0;0;0;27;0;0;0;0;0;0;0;0;0;0;107;0;0;0;0;0;28;12;0;0;0;0;0;0;0;0;0;0;0;0;0;0;0;0;0;0;0;0;0;0;0;0;0;0;0;0;0;0;0;0;0;0;0;0;0
2784;31165;430;951;18;11;105;383;456;185;35;12;0;0;156;31;0;26;0;36;0;0;94;0;0;48;28;0;0;0;0;12;0;0;0;0;0;0;0;11;0;0;0;0;0;3;0;0;0;0;0;0;0;0;0;0;0;0;0;0;0;0;0;0;0;0;0;0;0;0;0;0;0;0;0;0;0;0;0;0;0;0;0;0;0;0;0;0;0;0;0;0;0;0;0;0;0;0;0;0;0;0;0;0;0;0;0;0;0;0;0;0;0;0;0
27396;3059;1415;2508;8;8;884;234;3031;77;0;6;78;0;123;0;312;0;0;93;0;0;0;0;4;267;0;4;0;0;2;0;15;33;0;0;20;0;0;0;0;0;0;0;0;19;0;0;0;226;11;0;9;0;0;0;0;0;0;2;0;0;0;0;0;0;0;0;0;8;0;0;0;0;0;0;0;0;0;0;0;0;0;0;0;0;0;0;0;0;0;0;0;0;0;0;0;0;0;0;0;0;0;0;0;0;0;0;0;0;2;0;0;0;0
0;0;6044;3363;3406;35;705;107;1713;3175;56;0;221;268;984;614;3631;683;0;0;29;341;209;12;122;6;106;0;352;0;66;32;26;0;39;0;36;910;0;0;41;0;11;0;0;31;42;0;0;44;44;0;0;0;0;39;0;0;0;0;0;0;0;0;0;0;0;0;0;0;0;0;0;0;0;0;0;0;0;0;0;0;0;0;0;0;0;0;0;0;0;0;0;0;0;0;0;0;0;0;0;0;0;0;0;0;0;0;0;0;0;0;0;0;0
6819;1208;7815;1375;3207;17;547;7349;646;77;382;404;151;391;280;4312;150;445;20;172;332;358;85;110;55;318;3;0;63;183;157;0;13;0;780;1061;0;0;0;0;0;11;84;0;0;0;0;201;0;0;85;17;0;27;0;2;0;0;0;0;2;0;0;13;0;0;0;0;0;0;0;0;48;5;0;0;0;0;0;0;0;0;0;0;0;0;0;0;0;0;0;0;0;0;0;0;0;0;0;0;0;0;0;0;0;0;0;0;0;0;0;0;0;0;0
2;0;6399;10707;1395;2241;19;12870;132;0;245;19;23;147;408;123;0;0;196;0;0;892;14;394;1350;2;0;0;0;0;114;0;0;0;2;0;0;0;0;98;0;0;32;0;0;0;0;0;0;0;0;0;0;0;0;0;0;0;0;0;0;0;0;0;0;0;0;0;0;0;0;0;0;0;0;0;0;0;0;0;0;0;0;0;0;0;0;0;0;0;0;0;0;0;0;0;0;0;0;0;0;0;0;0;0;2;0;0;0;0;0;0;0;0;0
756;10;5621;9260;3;38;13;17450;26;929;626;0;175;0;88;4;29;19;2246;11;0;0;0;0;0;0;2;0;67;0;0;0;0;0;0;0;6;0;0;1210;0;0;0;0;0;0;0;0;0;0;0;0;0;0;0;0;0;0;0;0;0;0;0;0;0;0;0;0;0;0;0;0;0;0;0;0;0;0;0;0;0;0;0;0;0;0;0;0;0;0;0;0;0;0;0;0;0;0;0;0;0;0;0;0;0;0;0;0;0;0;0;0;0;0;0
775;74;11780;2391;252;287;1728;315;352;2562;54;15;1873;164;1885;162;27;7393;0;0;0;65;106;32;0;873;0;0;7;11;412;38;251;220;115;38;174;14;0;4;0;0;0;26;0;0;0;0;0;38;23;18;24;0;0;0;15;0;15;0;6;0;0;0;0;0;0;0;0;2;0;0;6;0;0;0;0;0;0;0;0;2;0;0;0;0;0;0;0;0;0;0;0;0;0;0;0;0;0;0;0;0;0;0;0;0;0;0;0;0;0;0;0;0;0
83;1076;10371;11766;113;529;213;1965;519;909;258;61;185;0;3011;234;764;888;37;33;16;116;175;13;48;460;13;0;0;214;24;190;115;0;840;426;585;71;9;122;0;10;3;8;0;10;0;0;0;14;0;17;0;0;0;4;70;0;0;0;0;0;14;0;25;0;0;4;0;0;0;0;37;0;0;0;10;0;0;0;6;12;0;0;10;7;0;0;0;0;0;0;0;0;0;2;0;0;0;0;0;0;0;0;0;0;0;0;0;0;0;0;0;0;0
9078;0;19905;4843;618;194;0;620;1450;1831;51;430;486;739;215;352;596;108;22;78;47;105;202;75;12;41;10;0;4;0;0;15;43;41;59;0;48;112;17;7;655;10;40;0;0;15;33;125;0;14;38;0;0;0;0;0;0;0;143;0;0;0;0;0;0;123;0;0;0;0;0;0;0;0;0;0;0;0;0;0;0;0;0;0;0;0;0;0;0;0;0;0;0;0;0;0;0;0;0;0;0;0;0;0;0;0;0;0;0;0;0;0;0;0;0
1022;933;8071;3908;70;1141;2281;2974;90;251;1103;656;79;0;176;1714;17;4386;23;0;46;114;11;21;53;211;0;0;0;185;71;193;32;9;737;283;547;39;21;14;0;8;0;13;0;0;0;0;0;0;0;0;0;0;0;0;53;0;0;0;0;0;17;31;13;11;2;0;0;0;0;0;46;0;0;0;8;3;0;0;0;9;0;0;15;0;0;0;0;0;0;0;0;0;0;0;0;0;0;0;0;0;0;0;0;0;0;0;0;0;0;0;0;0;0
0;1310;22673;5431;3742;902;6712;1062;0;204;5;22;194;131;104;471;100;9;0;0;313;164;126;69;0;0;0;0;0;0;0;33;48;0;0;0;3;0;0;22;0;31;20;0;0;0;0;16;0;0;0;6;0;0;0;0;0;0;0;0;0;0;0;0;0;0;0;0;0;0;0;0;0;0;0;0;0;2;0;0;0;0;0;0;0;0;0;0;0;0;0;0;0;0;0;0;0;0;0;0;0;0;0;0;0;0;0;0;0;0;0;0;0;0;0
2788;33;16937;4697;2083;0;3654;23;742;293;5;1397;305;429;643;31;605;1364;31;108;0;21;104;117;0;2301;0;5;0;1519;219;0;0;0;0;13;5;0;190;0;240;0;5;27;0;17;0;0;0;0;171;0;0;0;0;5;0;0;0;0;4;0;0;0;0;0;0;0;0;0;0;0;0;0;0;0;0;0;0;0;0;0;0;0;0;0;0;0;0;0;0;0;0;0;0;0;0;0;0;0;0;0;0;0;0;0;0;0;0;0;0;0;0;0;0
234;13;6209;22741;397;30;13;677;7918;1202;187;0;139;398;333;73;245;427;104;0;5;9;299;95;10;10;34;10;9;0;4;0;307;0;16;0;73;496;158;28;28;306;11;0;0;0;9;0;0;11;54;18;0;0;0;0;0;0;120;0;10;0;0;0;0;0;0;0;0;0;0;0;0;0;0;0;0;0;0;0;0;0;0;0;0;0;0;0;0;0;0;0;0;0;0;0;0;0;0;0;0;0;0;0;0;0;0;0;0;0;0;0;0;0;0
5129;146;7354;8297;2726;345;68;508;2198;1492;99;1157;2091;858;565;1586;1869;650;0;729;88;140;159;210;58;2977;31;7;4;54;20;16;97;25;58;3;81;78;0;0;122;10;22;0;0;16;17;19;0;12;18;60;7;0;0;14;0;0;67;0;19;0;0;0;0;45;0;0;0;0;0;5;0;0;0;0;0;0;0;0;0;0;0;0;0;0;0;0;0;0;0;0;0;0;0;0;0;0;0;0;0;0;0;0;0;0;0;0;0;0;0;0;0;0;0
84;6497;5587;13504;2294;132;6796;1084;1669;176;146;887;0;1276;90;1362;121;231;0;0;0;357;0;60;0;46;0;0;0;0;3;13;233;4;0;0;36;0;0;11;65;0;0;0;0;0;30;357;0;38;14;0;0;0;0;71;4;0;0;0;4;0;0;0;4;0;11;0;0;0;0;0;0;0;0;0;0;0;0;0;0;0;0;0;0;0;0;0;0;0;0;0;0;0;0;0;0;0;0;0;0;0;0;0;0;0;0;0;0;0;0;0;0;0;0
0;6070;7404;16229;6383;1033;49;1029;1328;0;26;259;0;686;982;800;0;96;0;0;182;379;74;0;35;9;3;0;0;0;81;79;41;8;32;4;19;0;0;31;0;91;14;0;0;12;0;0;0;0;0;0;0;0;0;5;0;0;0;0;0;0;0;0;0;0;0;0;0;0;0;0;0;0;0;0;0;0;0;0;0;0;0;0;0;0;0;0;0;0;0;0;0;0;0;0;0;0;0;0;0;0;0;0;0;0;0;0;0;0;0;2;0;0;0
543;415;5545;5627;3926;188;100;998;548;117;141;117;422;1732;1312;4376;131;1152;36;264;465;965;660;247;62;97;0;0;117;791;91;42;168;602;1627;1336;33;15;13;31;0;17;120;0;0;0;0;2849;0;0;17;35;109;83;0;0;0;0;12;37;0;0;0;9;0;0;0;0;0;0;6;4;0;0;0;0;0;0;0;0;0;0;0;0;0;0;0;0;0;0;0;0;0;0;0;0;0;0;0;0;0;0;0;0;0;0;0;0;0;0;0;0;0;0;0
610;0;5109;822;52;625;9712;9321;118;0;1495;0;281;0;0;0;0;3796;0;350;0;0;27;16;87;73;0;0;0;0;0;0;0;0;135;230;0;0;0;23;0;22;0;0;0;0;0;0;0;0;0;0;0;0;0;0;0;0;0;0;0;0;0;0;0;0;0;0;0;0;0;0;0;0;0;0;0;0;0;0;0;0;0;0;0;0;0;0;0;0;0;0;0;0;0;3;0;0;0;0;0;0;0;0;0;0;0;0;0;0;0;0;0;0;0
518;22;4250;2136;2590;55;240;920;68;230;111;659;961;457;4083;7180;101;836;20;15;8129;605;358;301;11;190;7;0;0;403;26;0;85;0;568;799;213;27;240;24;0;0;10;0;0;0;0;24;0;0;57;21;0;0;0;29;43;0;23;0;8;0;0;0;7;0;0;15;0;0;0;4;11;0;0;0;0;0;0;0;0;0;0;0;0;4;0;0;0;11;0;0;0;0;0;2;0;0;0;0;0;0;0;0;0;0;0;0;0;0;0;0;0;0;0
33;8126;14710;3801;1220;1445;607;6746;54;518;835;0;652;573;61;1140;82;251;1559;0;357;42;214;104;18;14;0;0;0;0;33;230;0;0;0;0;4;17;0;0;0;0;99;0;0;0;0;0;0;0;0;0;0;0;0;7;0;0;18;0;8;0;0;37;0;0;0;0;0;0;0;0;0;0;0;0;0;0;0;0;0;0;0;0;0;0;0;0;0;0;0;0;0;0;0;0;0;0;0;0;0;0;0;0;0;0;0;0;0;0;0;0;0;0;0
102;0;12724;4771;433;747;1318;2198;714;21;1115;338;643;12;232;7;0;5393;11;463;0;52;65;263;79;47;12;0;613;0;338;110;0;0;1461;3;0;0;24;9;0;0;0;0;0;0;0;14;0;6;0;0;0;0;0;0;0;0;0;0;0;0;0;0;0;0;0;0;0;0;0;0;0;0;0;0;0;0;0;0;0;0;0;0;0;0;0;0;0;0;0;0;0;0;0;0;0;0;0;0;0;0;0;0;0;0;0;0;0;0;0;0;0;0;0
2723;36;4390;6691;436;99;259;551;3572;411;112;5968;129;796;444;232;131;1861;30;102;16;150;611;369;12;1937;19;40;0;71;32;0;66;78;290;301;363;35;29;50;0;0;54;31;2;82;19;8;0;16;84;15;15;0;0;79;29;0;33;0;0;0;31;0;21;0;0;0;0;0;0;0;15;0;0;0;0;0;0;0;0;6;0;0;0;0;0;0;0;0;0;0;0;0;0;0;0;0;0;0;0;0;0;0;0;0;0;0;0;0;0;0;0;0;0
111;980;6434;1754;143;1748;30;17573;52;8;1345;10;5;21;0;325;4;2016;178;0;7;84;0;31;408;0;0;0;0;0;52;570;0;0;193;5;0;0;0;269;0;0;13;0;0;0;0;0;0;0;0;0;0;0;0;0;0;0;0;0;0;0;0;12;0;0;0;0;0;4;0;0;0;0;0;0;0;0;0;0;0;0;0;0;0;0;0;0;0;0;0;0;0;0;0;0;0;0;0;0;0;0;0;0;0;0;0;0;0;0;0;0;0;0;0
390;21;23675;7129;1738;123;1203;487;79;198;128;752;286;72;377;854;37;88;180;39;1620;619;148;639;11;0;0;0;4;83;287;43;11;0;0;120;0;0;0;3;0;0;74;0;0;0;24;0;0;4;38;0;0;0;0;0;0;0;0;0;0;0;0;7;0;0;0;0;0;0;0;0;0;0;0;0;0;0;0;0;0;0;0;0;0;0;0;0;0;0;0;0;0;0;0;0;0;0;0;0;0;0;0;0;0;0;0;0;0;0;0;0;0;0;0
5444;4950;14305;2204;10573;150;609;941;34;151;255;55;83;231;125;964;191;800;0;1167;42;215;191;483;5;20;0;21;49;57;47;7;25;47;109;0;0;0;0;0;0;0;0;0;0;69;0;35;0;0;20;0;10;0;0;0;0;0;0;0;3;22;0;0;0;0;0;0;51;0;0;0;0;0;0;0;9;0;0;0;0;0;0;0;0;0;4;0;0;0;0;0;0;0;0;0;0;0;0;0;0;0;0;0;0;0;0;0;0;0;0;0;0;0;0
15158;1347;5261;1835;9003;957;1055;2994;31;14;177;0;0;305;688;1373;14;236;0;0;362;1531;45;596;25;0;0;0;17;0;0;28;15;0;91;0;2;0;0;0;6;14;21;0;0;6;0;23;0;0;0;0;0;0;0;0;0;0;0;0;0;0;0;0;0;0;0;0;0;0;0;0;0;0;0;0;0;0;0;0;0;0;0;0;0;0;0;0;0;0;0;0;0;0;0;0;0;0;0;0;0;0;0;0;0;0;0;0;0;0;0;0;0;0;0
10691;49;18279;5401;218;241;123;1354;1301;3464;0;96;194;0;10;143;278;24;0;828;2;192;84;0;96;23;0;0;2;0;15;0;26;220;0;0;65;4;0;9;0;0;0;0;0;0;0;0;0;26;0;2;0;0;0;0;0;0;56;0;6;0;0;0;0;0;0;0;0;0;0;0;0;0;0;0;0;0;0;0;0;0;0;0;0;0;0;0;0;0;0;0;0;0;0;12;0;0;0;0;0;0;0;0;0;0;0;0;0;0;0;0;2;0;0
1360;38;2389;10756;494;78;82;1775;10413;2048;100;289;460;1012;505;212;1637;692;106;610;0;329;57;10;11;1287;0;5;165;102;26;19;16;0;130;227;114;310;0;58;0;30;0;0;0;23;91;0;0;87;174;73;0;151;0;7;17;0;174;0;0;0;5;0;0;0;0;0;0;0;0;0;6;0;0;0;9;0;0;0;0;0;0;0;0;0;0;0;2;0;0;0;0;0;0;0;0;0;0;0;0;0;0;0;0;0;0;0;2;0;0;0;0;2;0
1707;1626;6833;12052;615;899;1824;6777;431;1513;386;8;469;44;478;1471;3535;133;53;0;0;1918;12;144;277;3;0;0;18;0;0;539;31;5;2;4;37;67;0;0;0;64;0;0;0;11;0;0;0;0;0;0;0;0;0;0;0;0;16;0;6;0;0;0;0;3;0;0;0;0;0;0;0;0;0;0;0;0;0;0;0;0;0;0;0;0;0;0;0;0;0;0;0;0;0;0;0;0;0;0;0;0;0;0;0;0;0;0;0;0;0;0;0;0;0
8311;88;9552;7380;723;199;2041;413;1975;85;101;242;477;268;244;266;64;930;3141;171;154;82;27;110;57;2051;1771;0;343;0;301;47;0;97;16;4;10;3;0;55;15;7;28;0;0;11;0;3;0;0;27;7;15;0;0;0;0;0;0;0;6;11;0;0;0;0;0;0;0;19;0;0;0;0;0;0;0;0;10;57;0;0;0;0;0;0;0;12;0;0;17;0;0;0;0;0;0;0;0;0;0;0;0;0;5;0;0;0;0;0;0;0;0;0;0
63;385;8008;2971;144;2545;440;3486;312;0;1179;48;20;32;53;137;0;6080;1064;176;131;745;0;0;1181;116;11;0;885;0;105;112;13;93;1740;0;0;0;0;207;0;0;0;0;0;0;0;0;0;12;0;0;0;0;0;0;0;0;0;0;0;0;0;0;0;0;0;0;0;0;0;0;0;0;0;0;0;0;0;0;0;0;0;0;0;0;0;0;0;0;0;0;0;0;0;0;0;0;0;0;0;0;0;0;0;0;0;0;0;0;0;0;0;0;0
383;18;12422;6849;1944;291;422;2562;0;155;447;16;6;101;1210;1880;137;1966;0;0;75;1016;317;76;85;84;0;0;0;9;245;8;56;0;254;1884;81;0;0;148;36;18;41;0;0;0;0;0;0;0;34;3;0;0;47;2;0;0;0;0;0;4;0;0;0;0;0;2;11;0;0;3;2;0;0;0;0;24;0;0;0;0;0;0;4;0;0;0;0;0;0;0;0;0;0;0;0;0;0;0;0;0;0;0;0;0;0;0;0;0;0;0;0;0;0
328;2490;14207;8229;1629;4150;65;2334;3383;64;433;147;2653;755;317;31;41;60;99;33;312;205;209;369;78;13;0;0;11;80;10;376;75;0;6;0;0;7;0;54;9;31;14;0;0;30;24;0;0;5;0;8;0;0;0;0;0;0;135;0;5;0;0;8;0;0;0;0;16;0;0;0;0;28;0;0;0;0;0;2;0;0;0;0;0;0;0;0;0;0;0;0;0;0;0;0;0;0;0;0;0;0;0;0;0;0;0;0;0;0;0;0;0;0;0
127;314;4574;6668;450;186;312;879;656;295;462;0;0;0;0;745;29;16018;0;0;129;2157;0;35;217;0;0;0;806;250;86;0;0;0;725;0;0;0;0;257;0;0;19;0;0;11;11;0;0;0;0;0;0;0;42;0;0;0;0;0;0;0;0;14;0;0;0;101;0;0;0;0;0;0;0;0;0;0;0;4;0;0;0;0;0;0;0;0;0;0;0;0;0;0;0;0;0;0;0;0;0;0;0;0;0;0;0;0;0;0;0;0;0;0;0
68;9528;11238;12608;662;948;38;870;1761;12;56;1330;29;908;495;50;25;0;260;0;146;47;204;44;6;2;62;9;0;0;0;17;8;0;6;0;0;0;0;0;24;0;31;0;0;70;26;0;0;13;19;0;0;0;0;8;0;0;0;0;0;0;0;2;0;0;0;0;0;0;0;0;0;0;0;0;0;0;0;0;0;0;0;0;0;0;0;0;0;0;0;0;0;0;0;0;0;0;0;0;0;0;0;0;0;0;0;0;0;0;0;0;0;0;0
8927;36;10044;5575;155;252;321;749;1644;461;101;9;1435;0;339;1021;33;1151;6;0;14;324;170;145;67;1918;29;0;5;51;5;0;92;0;152;73;160;15;5;17;0;62;7;0;0;12;15;0;0;0;81;0;0;0;0;0;19;0;25;0;5;0;0;0;8;6;0;0;0;0;0;0;5;0;0;0;0;0;0;0;0;3;0;0;4;5;0;0;0;0;0;0;0;0;0;4;0;0;0;0;0;0;0;0;0;0;0;0;0;0;0;0;0;0;0
221;3431;7907;5285;365;5744;614;5362;94;0;1612;0;0;0;85;547;0;716;0;0;907;607;697;181;282;6;0;0;0;0;138;1381;0;0;0;0;5;0;0;33;84;0;66;0;0;0;0;0;0;0;0;0;0;0;0;0;0;0;0;0;0;0;0;0;0;0;0;0;0;0;0;0;0;0;0;0;0;0;0;0;0;0;0;0;0;0;0;0;0;0;0;0;0;0;0;0;0;0;0;0;0;0;0;0;0;0;0;0;0;0;0;0;0;0;0
17;0;13751;10287;1255;2322;39;2863;278;656;1359;0;3;0;618;543;0;2856;221;0;56;124;27;411;248;0;0;0;0;0;263;589;13;0;793;15;4;0;0;62;333;0;16;0;0;0;10;12;0;11;4;0;0;0;0;0;0;0;0;0;0;0;0;18;0;0;0;0;0;0;0;0;0;0;0;0;0;0;0;0;0;0;0;0;0;0;0;0;0;0;0;0;0;0;0;0;0;0;0;0;0;0;0;0;0;0;0;0;0;0;0;0;0;0;0
340;0;24187;3839;138;1208;61;8291;473;1617;2143;3;158;85;256;20;549;737;0;9;15;5;39;49;71;93;0;0;4;0;29;751;21;3;0;0;6;40;0;20;0;115;4;0;0;0;0;0;0;7;140;3;0;0;0;0;8;0;0;0;7;0;0;0;0;0;0;0;0;0;0;0;0;0;0;0;0;0;0;0;0;0;0;0;0;0;0;0;0;0;0;0;0;0;0;0;0;0;0;0;0;0;0;0;0;0;0;0;0;0;0;0;0;0;0
3684;8280;8689;3281;191;726;540;9987;134;14;901;0;676;846;303;283;132;909;0;1647;101;47;169;20;387;791;15;5;0;0;30;23;33;0;46;0;15;0;114;0;0;67;0;270;0;19;0;80;0;22;255;0;0;0;0;11;0;0;34;340;0;0;0;153;0;0;0;11;0;0;0;0;0;0;0;0;0;0;0;0;0;0;0;0;0;0;0;0;0;0;0;0;0;0;0;0;0;0;0;0;0;0;0;0;0;0;0;0;0;0;0;0;0;0;0
65;215;11605;3854;1555;3406;352;10161;118;118;1013;0;54;0;53;345;92;54;589;0;102;219;11;64;417;13;0;0;94;0;20;460;0;399;2;0;0;80;0;187;0;75;0;0;0;0;0;0;0;0;0;0;0;0;0;0;0;0;0;0;0;0;0;0;0;0;0;0;0;0;0;0;0;0;0;0;0;0;0;0;0;0;0;0;0;0;0;0;0;0;0;0;0;0;0;0;0;0;0;0;0;0;0;0;0;0;0;0;0;0;0;0;0;0;0
38;51;12839;2779;3074;303;74;2089;31;166;288;666;319;274;91;2267;79;1119;501;19;48;1440;53;55;44;146;0;0;5;3198;11;23;0;0;398;1357;333;23;0;14;0;3;14;0;0;0;0;0;0;5;0;10;0;0;0;0;32;0;0;0;0;0;10;0;15;0;12;0;0;0;0;0;15;0;0;0;0;0;0;0;8;0;0;0;5;0;0;0;0;0;0;0;0;0;0;0;0;0;0;0;0;0;0;0;0;0;0;0;0;0;0;0;0;0;0
18;35;10091;11888;102;118;104;2878;1179;95;514;1113;4036;405;1795;37;0;214;66;9;3;5;33;0;144;1044;80;53;20;19;34;273;11;77;139;65;158;16;5;228;0;4;0;2;0;0;0;0;0;9;0;9;22;0;0;12;0;0;0;0;0;0;5;0;0;0;0;0;0;0;0;0;5;0;0;0;0;0;0;0;0;4;0;0;0;0;0;0;0;0;0;0;0;0;0;0;0;0;0;0;0;0;0;0;0;0;0;0;0;0;0;0;0;0;0
64;46;13878;8981;454;0;23;97;205;1569;55;3204;640;259;113;1590;87;1341;133;0;172;2346;484;183;2;38;0;0;51;376;24;0;79;0;45;42;58;58;0;32;0;9;25;0;88;0;0;0;0;0;0;7;0;0;0;8;0;0;0;0;0;0;4;0;0;0;0;0;0;0;0;0;0;0;0;0;0;0;0;0;0;0;0;0;0;0;0;0;0;5;0;0;0;0;0;0;0;0;0;0;0;0;0;0;0;0;0;0;0;0;0;0;0;0;0
94;3681;10206;4663;2689;1500;140;2318;53;34;336;0;368;339;303;1806;0;1275;70;0;465;988;158;187;112;128;1575;18;0;2;52;37;34;196;14;44;35;0;0;5;0;4;37;0;33;30;0;0;0;0;0;0;33;0;19;0;0;0;0;25;0;0;0;19;15;0;0;0;0;0;0;0;0;0;0;0;0;7;0;0;0;0;0;0;0;0;0;0;0;0;0;0;0;0;0;0;0;0;0;0;0;0;0;0;0;0;0;0;0;0;0;0;0;0;0
4065;16;748;15736;16;296;630;3433;163;590;349;0;0;107;244;3;0;0;0;0;0;20;15;0;21;0;0;7221;0;0;123;0;0;0;0;0;42;0;0;234;0;0;0;0;0;0;0;0;0;0;0;0;0;0;0;0;0;0;31;0;0;0;0;0;0;0;0;0;0;0;0;0;0;0;0;0;0;0;0;0;0;0;0;0;0;0;0;0;0;0;0;0;0;0;0;0;0;0;0;0;0;0;0;0;0;0;0;0;0;0;0;0;0;0;0
7488;457;2831;3512;9995;200;34;231;537;1010;16;118;301;318;342;5417;306;171;9;553;511;2443;746;285;6;89;2;0;43;12;0;0;106;704;34;56;60;0;0;0;0;29;98;5;0;16;0;0;0;6;18;27;284;46;0;24;13;0;57;16;0;0;0;0;0;0;0;0;0;0;14;0;0;0;0;0;0;0;6;0;0;0;0;0;0;0;0;0;0;0;0;0;0;0;0;11;0;0;0;0;0;0;0;0;0;0;0;0;0;0;0;0;0;0;0
638;10;21779;6223;199;267;11;1685;410;46;267;1956;1004;75;407;77;0;133;969;6;46;21;307;0;19;78;0;0;7;9;298;25;0;0;38;32;52;0;0;0;0;10;70;0;0;0;0;0;0;0;0;0;0;0;0;0;9;0;7;2;0;0;0;16;0;0;0;0;0;0;0;0;0;0;0;0;0;0;0;0;0;0;0;0;0;0;0;0;0;0;0;0;0;0;0;0;0;0;0;0;0;0;0;0;0;0;0;0;0;0;0;0;0;0;0
281;177;6747;8082;721;203;0;10257;24;0;699;0;0;0;54;525;3;3084;1382;0;6;244;11;59;185;0;0;0;22;1108;75;114;0;0;4;0;0;0;0;675;10;0;0;0;27;0;3;0;0;0;0;0;0;0;0;0;0;0;0;0;0;0;0;0;0;0;46;20;0;0;0;0;0;0;0;0;0;0;0;0;0;0;0;0;0;0;0;0;0;0;0;0;0;0;0;0;0;0;0;0;0;0;0;0;0;0;0;0;0;0;0;0;0;0;0
2792;3693;9146;2221;8258;1060;318;2681;36;95;264;41;671;224;220;372;93;261;143;15;321;1095;18;86;241;101;0;0;0;28;28;288;0;0;193;48;157;0;2;15;0;27;16;297;0;0;0;0;0;0;0;0;0;0;0;0;0;0;0;0;0;0;5;0;0;3;0;0;0;2;0;0;10;0;0;0;0;0;0;0;0;0;0;0;5;0;0;0;0;0;0;0;0;0;0;0;0;0;0;0;0;0;0;0;0;0;0;0;0;0;0;0;0;0;0
75;84;9457;6681;3648;360;13;673;1270;112;146;0;0;213;117;6048;119;560;26;0;14;643;724;446;0;30;0;0;0;841;120;18;44;12;1479;21;44;0;0;0;0;0;0;0;0;38;13;0;0;31;44;0;0;0;0;0;0;0;29;0;0;0;0;9;0;0;0;0;0;0;0;0;0;0;0;0;0;0;0;0;0;0;0;0;0;0;0;0;23;0;0;0;0;0;0;0;0;0;0;0;0;0;0;0;0;0;0;0;0;0;0;0;0;0;0
48;14;3820;5967;12168;0;2105;165;156;163;27;619;1654;234;536;1691;1473;1217;0;0;0;436;1000;396;0;52;0;0;11;0;11;0;23;0;0;0;33;0;0;0;0;8;0;51;0;27;6;52;0;0;241;0;0;0;0;0;0;0;0;0;0;0;0;0;0;0;0;0;0;0;0;0;0;0;0;0;0;0;0;0;0;0;0;0;0;0;0;0;0;0;0;0;0;0;0;0;0;0;0;0;0;0;0;0;0;0;0;0;0;0;0;0;0;0;0
4892;0;17977;9400;1760;968;107;1816;452;294;291;0;0;638;643;2069;64;281;16;27;40;119;816;407;87;5;0;0;0;0;852;90;101;0;66;2;128;90;0;4;0;0;9;0;0;0;0;142;0;6;37;0;0;0;0;0;0;0;18;0;9;0;0;0;0;0;0;0;0;0;0;0;0;0;0;0;0;0;0;0;0;0;0;0;0;0;0;0;0;0;0;0;0;0;0;0;0;0;0;0;0;0;0;0;0;0;0;0;0;0;0;0;0;0;0
612;25;7346;13813;999;57;3198;776;1101;911;45;11;1315;756;245;1064;2379;249;13;9;12;267;109;49;43;3372;23;16;0;305;5;22;134;0;1143;214;279;268;4;0;10;21;10;5;2;282;12;0;0;5;69;7;0;0;0;2;12;0;53;0;13;0;0;5;45;21;0;0;0;0;0;0;0;0;0;0;30;0;8;0;0;3;0;0;0;25;0;0;0;7;0;0;0;0;0;0;0;0;0;0;0;0;0;0;0;5;5;0;0;0;0;0;0;0;0
320;36;6545;15357;638;431;19;396;150;3503;49;43;421;433;1227;594;1068;31;13;0;200;119;372;97;10;850;0;0;0;0;0;56;64;0;0;0;0;0;0;16;0;0;0;0;24;23;0;0;0;0;78;0;0;0;0;0;0;0;179;0;0;0;0;0;0;0;0;0;0;0;0;0;0;0;0;0;0;0;0;0;0;0;0;0;0;0;0;0;0;0;0;0;0;0;0;0;0;0;0;0;0;0;0;0;0;0;0;0;0;0;0;0;0;0;0
7117;864;8161;1789;3334;22;688;7051;657;74;337;481;144;346;336;4472;154;419;23;157;368;271;99;90;61;343;5;0;60;161;167;0;17;0;740;920;23;15;0;3;0;6;74;0;0;0;0;250;0;0;72;18;0;26;0;8;0;0;0;0;0;0;0;11;0;0;0;0;0;0;0;0;24;8;0;0;0;0;0;0;0;0;0;0;0;0;0;0;0;0;0;0;0;0;0;0;0;0;0;0;0;0;0;0;0;0;0;0;0;0;0;0;0;0;0
2568;300;7459;6417;404;821;282;1121;377;814;207;71;2980;121;2378;351;0;2107;63;26;58;227;22;6;27;649;10;0;0;385;86;36;105;18;1474;638;1050;86;57;21;0;41;11;34;0;0;0;125;6;15;0;15;0;0;0;0;198;0;16;0;0;0;33;0;26;0;8;12;5;7;0;0;73;0;0;0;27;0;0;3;24;9;0;0;0;6;0;0;0;0;0;0;0;0;0;0;0;0;0;0;0;0;0;0;0;0;0;0;0;0;0;0;0;0;0
8551;455;16298;5266;3563;0;93;111;1459;7;38;0;154;1912;1286;1378;0;65;134;0;293;164;318;791;0;321;0;4;0;0;28;20;34;0;0;0;4;0;0;17;0;0;0;87;0;29;0;42;0;0;0;0;0;0;0;2;3;0;0;0;0;0;0;0;0;0;0;0;0;0;0;0;0;0;0;0;0;0;0;0;0;0;0;0;0;0;0;0;0;0;0;0;0;0;0;0;0;0;0;0;0;0;0;0;0;0;0;0;0;0;0;0;0;0;0
4030;308;9885;7348;1774;146;119;514;2095;1463;86;668;156;689;865;5293;715;908;8;797;384;354;329;170;11;2834;46;15;0;60;40;7;73;215;76;13;52;73;0;32;158;0;13;0;0;36;23;14;0;16;57;56;25;0;18;0;0;0;45;0;17;0;0;0;0;42;0;0;0;0;0;0;0;0;0;0;0;0;0;0;0;0;0;0;0;0;0;0;0;0;0;0;0;0;0;0;0;0;0;0;0;0;0;0;0;0;0;0;0;0;0;0;0;0;0
6462;68;1929;5471;38;224;2191;19338;54;0;570;303;134;67;21;0;0;0;919;0;3;14;18;0;2;10;0;0;0;0;99;781;0;0;0;0;0;0;0;23;0;0;0;0;330;0;0;0;0;0;0;9;0;0;0;0;0;0;4;11;3;0;0;0;0;0;0;0;0;0;0;7;0;0;0;0;0;0;0;0;0;0;0;0;0;0;0;0;0;0;0;0;0;0;0;0;0;0;0;0;0;0;0;0;0;0;0;0;0;0;0;0;0;0;0
5554;0;9732;2643;541;3453;585;13458;0;0;283;4;0;0;34;49;55;16;0;0;0;99;0;7;820;0;0;0;14;0;74;687;0;0;0;0;0;0;0;6;6;0;0;0;0;0;0;0;0;0;0;4;0;0;0;0;0;0;0;0;0;0;0;0;0;0;0;0;0;0;0;5;0;4;0;0;0;0;0;0;0;0;0;0;0;0;0;0;0;0;0;0;0;0;0;0;0;0;0;0;0;0;0;0;0;0;0;0;0;0;0;0;0;0;0
81;192;8756;4226;235;4097;4524;7065;0;90;442;0;27;26;0;145;21;3635;102;0;0;1177;10;0;355;0;0;0;216;0;53;371;7;8;31;14;0;0;0;160;0;0;0;0;0;0;0;0;0;0;0;0;0;0;0;0;0;0;0;0;0;0;0;34;0;0;0;0;0;0;0;0;0;0;0;0;0;0;0;0;0;0;0;0;0;0;0;0;0;0;0;0;0;0;0;0;0;0;0;0;0;0;0;0;0;0;0;0;0;0;0;0;0;0;0
18608;38;4529;2241;156;1207;222;2414;645;289;404;24;87;0;181;0;1779;1094;7;232;0;67;12;38;17;147;5;0;148;15;10;392;0;0;172;67;170;32;0;24;0;31;0;0;0;0;52;0;0;9;0;8;0;0;0;0;18;0;0;0;0;0;11;0;0;0;0;0;0;0;0;0;18;0;0;0;5;0;0;0;0;0;0;0;0;0;0;0;0;5;0;0;0;0;0;0;0;0;0;0;0;0;0;0;0;0;0;0;0;0;0;0;0;0;0
117;4093;10083;4502;2616;1576;100;2389;36;23;409;9;361;285;295;1833;0;1276;53;0;438;976;158;158;137;163;1614;11;7;3;45;32;69;294;17;49;20;0;0;15;0;0;34;0;43;18;0;0;0;0;0;0;32;0;12;0;0;0;0;15;0;0;0;14;0;0;0;0;0;0;0;0;0;0;0;0;0;8;0;0;0;0;0;0;0;0;0;0;0;0;0;0;0;0;0;0;0;0;0;0;0;0;0;0;0;0;0;0;0;0;0;0;0;0;0
5620;722;9497;1905;2880;21;1731;268;1723;3016;43;135;575;117;535;1280;4813;79;82;9;2229;785;598;188;6;0;0;0;0;18;99;0;107;0;233;341;11;569;0;0;52;0;447;0;0;0;0;78;0;0;68;0;0;0;0;0;0;17;0;0;4;5;0;0;0;0;0;0;0;0;0;0;0;0;0;0;48;11;0;0;0;0;0;0;0;0;0;0;0;0;0;0;0;0;0;0;0;0;0;0;6;0;0;0;0;0;0;0;0;0;0;0;0;0;2
1339;963;12793;3933;5712;106;183;778;246;137;103;739;199;61;994;2413;16;605;10;923;924;408;150;268;6;164;122;0;0;45;198;18;56;51;533;163;181;22;207;0;0;0;62;96;0;0;0;88;0;0;51;13;9;0;0;0;58;0;0;0;0;0;7;0;5;0;0;10;0;0;0;0;6;0;0;0;0;0;0;0;3;0;0;0;0;0;0;0;0;0;0;0;0;0;0;0;0;0;0;0;0;0;0;0;0;0;0;0;0;0;0;0;0;0;0
2806;0;15170;3279;984;16;639;158;37;30;101;2493;1882;46;453;453;0;2417;0;43;33;543;264;139;0;259;412;0;0;0;0;0;20;25;523;866;49;0;0;0;0;6;0;0;0;11;0;0;0;0;491;9;0;0;0;0;9;0;0;0;0;0;0;0;0;0;0;0;0;0;0;0;0;0;0;0;0;0;0;0;0;0;0;0;0;0;0;0;0;0;0;0;0;0;0;0;0;0;0;0;0;0;0;0;0;0;0;0;0;0;0;0;0;0;0
193;126;7059;5795;3462;2784;419;9852;1317;7;890;0;7;40;53;853;23;1337;13;0;8;321;0;250;520;505;0;0;0;638;479;266;0;255;0;20;0;0;0;29;0;4;52;0;84;0;0;0;0;0;0;4;37;0;0;0;0;20;0;0;0;0;0;0;0;0;0;0;0;0;0;0;0;0;0;0;0;0;0;0;0;0;0;0;0;0;0;0;0;0;0;0;0;0;0;0;0;0;0;0;0;0;0;0;0;0;0;0;0;0;0;0;0;0;0
299;928;12560;5284;4880;619;485;672;103;109;122;805;73;159;1316;1137;0;603;0;0;54;1273;326;312;29;167;2530;0;0;0;51;232;28;91;32;22;26;0;0;0;0;90;20;0;0;10;7;52;0;21;119;6;23;0;10;0;0;0;0;0;0;0;0;5;0;0;0;0;0;0;0;0;0;0;0;0;0;0;0;0;0;0;0;0;0;0;0;0;0;0;0;0;0;0;0;0;0;0;0;0;0;0;0;0;0;0;0;0;0;0;0;0;0;0;0
847;3296;18683;6571;1500;110;91;1157;79;442;206;633;498;45;561;929;79;355;1671;0;478;170;221;195;0;0;0;0;0;2636;210;26;6;9;20;2;7;21;0;0;21;12;49;3;0;8;0;71;62;11;54;0;10;0;0;0;0;0;21;0;7;0;0;14;0;0;0;0;0;0;0;0;0;0;0;0;0;0;0;0;0;0;0;0;0;0;0;0;0;0;0;0;0;0;0;0;0;0;4;0;0;0;0;0;0;0;0;0;0;0;0;0;0;0;0
16;0;8235;2662;73;4269;4917;12832;64;0;477;0;11;72;87;0;74;176;232;0;5;2;0;59;126;0;0;0;0;2671;19;477;0;0;4;0;5;0;0;211;6;0;8;0;22;0;6;0;0;0;0;0;0;0;0;0;0;0;0;0;0;0;0;65;0;0;0;0;0;0;0;0;2;0;0;0;0;0;0;0;0;0;0;0;0;0;0;0;0;0;0;0;0;0;0;0;0;0;0;0;0;0;4;0;0;0;0;0;0;0;0;0;0;0;0
1285;50;11619;3276;3561;100;64;1319;754;33;414;2417;1815;93;1768;128;11;122;30;88;41;1053;300;60;0;21;0;0;0;0;78;41;74;24;554;768;21;0;0;0;0;0;71;0;0;0;0;0;0;0;6;0;0;0;0;0;11;0;0;0;0;0;4;0;0;0;0;0;0;0;0;0;3;0;0;0;0;0;0;0;0;0;0;0;0;0;0;0;0;0;0;0;0;0;0;0;0;0;0;0;0;0;0;0;0;0;0;0;0;0;0;0;0;0;0
3893;6066;8325;1578;2034;693;13;2134;64;273;265;14;328;0;422;639;53;264;86;67;1007;269;146;229;67;121;0;0;2;26;76;122;20;13;137;47;151;27;0;0;0;52;34;0;0;24;0;0;1593;0;0;0;0;0;24;10;9;498;0;0;0;0;0;0;0;0;0;0;0;0;41;0;0;0;75;126;3;9;0;0;0;0;39;38;0;0;30;0;0;0;0;17;15;0;0;0;0;0;0;0;0;6;0;0;0;0;0;0;0;0;0;0;0;0;0
41;34;6298;3465;22;3991;774;13785;9;0;2559;15;548;94;258;560;26;0;73;0;3;32;0;0;413;0;0;0;0;0;18;607;67;6;0;0;0;28;0;98;0;126;0;0;0;0;0;0;0;0;28;0;0;0;0;0;0;0;0;0;0;0;0;0;0;0;0;0;0;0;0;0;0;0;0;0;0;0;0;0;0;0;0;0;0;0;0;0;0;0;0;0;0;0;0;0;0;0;0;0;0;0;0;0;0;0;0;0;0;0;0;0;0;0;0
215;0;5731;1661;104;0;5476;261;19;12;85;12;132;22;128;319;14;11438;121;0;0;48;8;159;32;0;0;0;0;641;38;0;0;0;536;380;0;0;609;128;0;0;3;0;0;0;0;0;0;0;0;0;0;0;0;0;0;0;0;0;0;0;0;0;0;0;0;0;0;0;0;0;0;4;0;0;0;0;0;0;0;0;0;0;0;0;0;0;0;0;0;0;0;18;0;0;0;0;0;0;0;0;0;0;0;0;0;0;0;0;0;0;0;0;0
443;2549;10060;7661;1372;54;7;92;6726;371;16;43;956;421;3602;2991;193;138;132;326;482;692;81;231;0;208;0;0;63;0;564;0;36;12;19;194;14;8;0;0;0;9;0;0;0;38;18;0;0;28;0;19;0;41;0;0;0;0;18;0;3;0;0;0;0;0;0;0;0;0;0;0;0;0;0;0;0;0;0;0;0;0;0;0;0;0;0;0;0;0;0;0;0;0;0;2;0;0;0;0;0;0;0;0;0;0;0;0;0;0;0;0;0;0;0
3875;752;6402;4940;6659;108;92;6779;1480;1368;130;358;282;528;454;631;638;365;0;1470;402;567;289;264;36;2041;36;10;0;36;44;0;45;307;49;109;38;154;0;0;100;0;13;0;0;36;25;0;0;0;12;35;30;0;0;19;0;0;58;0;8;0;0;0;3;19;0;0;0;0;0;0;0;0;0;0;0;0;0;0;0;0;0;0;0;0;0;0;0;0;0;0;0;0;0;0;0;0;0;0;0;0;0;0;0;0;0;0;0;0;0;0;0;0;0
2299;28;7530;3755;707;2709;821;7702;43;44;537;0;13;0;45;59;35;290;0;0;0;193;0;276;121;0;0;0;0;0;145;304;0;0;4;0;7;0;0;459;4;0;0;0;0;0;0;0;0;0;0;26;0;0;0;0;0;0;5;0;0;0;0;0;0;0;0;0;0;0;0;0;0;0;0;0;0;0;0;0;0;0;0;0;0;0;0;0;0;0;0;0;0;0;13;0;0;0;0;0;0;0;5;0;0;0;0;0;0;0;0;0;0;0;0
103;476;6296;6564;1486;2046;89;12109;50;24;868;11;64;16;79;360;18;1284;826;0;0;954;12;0;805;4;0;0;72;0;45;820;0;0;16;51;0;83;0;641;0;0;0;0;0;0;0;0;0;0;0;0;0;0;235;0;0;0;0;0;0;61;0;0;0;0;0;0;0;0;0;0;0;0;0;0;0;0;0;0;0;0;0;0;0;0;0;0;0;0;0;0;0;0;0;0;0;0;0;0;0;0;0;0;0;0;0;0;0;0;0;0;0;0;0
238;1969;11806;3146;120;184;4222;1924;0;22;277;38;231;13;0;138;61;2111;6;15;408;217;44;32;49;152;0;0;0;2;33;32;0;5;97;0;0;0;36;52;0;0;10;0;0;0;0;0;0;0;0;0;0;0;0;0;0;6;0;0;0;8;0;44;0;0;0;0;0;0;0;0;0;0;0;0;0;0;0;0;0;0;0;0;0;0;0;0;0;0;0;0;0;0;0;0;0;0;0;0;0;0;0;0;0;0;0;0;0;0;0;0;0;0;0
359;308;5046;2353;237;3277;1444;16121;113;0;2119;98;309;97;359;455;0;707;362;0;34;193;13;0;807;164;0;0;0;0;238;854;0;0;0;0;0;0;39;204;208;0;12;0;53;0;0;0;0;0;0;3;0;0;0;0;0;0;0;0;0;7;0;0;0;0;0;0;0;0;0;0;0;0;0;0;0;0;0;0;0;0;0;0;0;0;0;0;0;0;0;0;0;0;0;0;0;0;0;0;0;0;0;0;0;0;0;0;0;0;0;0;0;0;0
493;12;9235;7265;720;6964;758;6429;387;174;235;0;1093;0;427;757;31;21;0;2;17;95;107;0;237;20;0;0;0;0;13;3940;24;0;0;0;15;2;0;456;0;0;35;0;53;0;0;0;0;0;0;0;0;0;0;0;0;0;0;0;0;0;0;0;0;0;0;0;0;0;0;0;0;0;0;0;0;0;0;0;0;0;0;0;0;0;0;0;0;0;0;0;0;0;0;0;0;0;0;0;0;0;0;0;0;0;0;0;0;0;0;0;0;0;0
11425;102;3144;6263;25;317;38;10393;465;62;397;44;30;193;454;5;554;677;218;85;3;15;215;0;26;0;0;0;0;0;7;59;0;29;19;3;12;4;0;46;0;0;0;0;0;0;0;0;11;11;0;16;0;0;0;0;0;0;17;0;4;0;0;0;0;0;0;0;3;0;0;26;0;69;0;0;0;0;0;0;0;0;0;0;0;0;0;40;0;0;0;0;0;0;0;3;0;0;0;0;0;0;0;0;0;0;0;0;0;0;0;0;0;0;0
1847;413;7543;18551;382;180;478;4377;1367;180;274;134;655;1401;872;774;539;820;22;0;29;175;45;155;33;59;0;0;8;12;163;74;132;0;47;111;116;10;0;0;14;395;19;0;0;15;25;0;0;16;0;14;0;0;0;10;4;0;63;0;12;0;0;0;16;10;0;0;0;0;0;3;0;0;0;0;0;0;0;0;0;0;0;0;0;0;0;0;0;0;0;0;0;0;0;0;0;0;0;0;0;0;0;0;0;0;0;0;0;0;0;0;0;0;0
15773;7673;2435;7261;3690;77;140;1104;1112;81;210;540;316;849;341;297;0;171;0;424;155;231;840;328;34;4;0;0;0;0;24;23;42;249;0;0;49;0;0;88;0;0;21;0;19;15;16;0;0;0;99;0;45;0;0;86;0;0;59;0;0;0;0;0;0;0;0;0;0;0;0;0;0;0;0;0;0;0;0;0;0;0;0;0;0;0;0;0;0;0;0;0;0;0;0;0;0;0;0;0;0;0;0;0;0;0;0;0;0;0;0;0;0;0;0
1563;45;7712;6053;1160;114;20;178;2571;2193;62;1298;131;840;1487;3807;2654;482;23;2864;134;1751;735;127;14;81;21;0;108;0;14;35;81;26;66;120;79;29;0;0;0;11;5;0;5;23;16;0;0;20;125;25;0;71;0;3;0;0;17;0;0;0;0;20;0;0;0;0;0;5;0;0;0;0;0;0;0;0;0;0;0;2;0;0;0;0;0;0;0;0;0;0;0;0;0;0;0;0;0;0;0;0;0;0;0;0;0;0;0;3;0;0;0;0;0
0;140;3781;5305;28;2202;3340;14701;13;0;868;0;14;4;41;0;0;366;0;0;0;0;30;0;348;0;0;516;0;0;325;2535;15;0;0;0;0;0;21;50;0;0;16;0;0;0;5;0;0;0;0;0;0;0;0;0;0;0;0;0;0;0;0;0;0;0;0;0;0;0;0;0;0;0;0;0;0;0;0;0;0;0;0;0;0;0;0;0;0;0;0;0;0;0;0;0;0;0;0;0;0;0;0;0;0;0;0;0;0;0;0;0;0;0;0
46;1802;12828;5165;2529;2921;205;4850;54;30;706;402;122;12;211;631;6;1047;109;43;741;1236;88;102;318;0;0;0;0;163;138;915;0;0;453;142;0;0;0;79;13;0;49;0;0;0;0;18;0;0;0;0;0;0;0;0;0;0;0;0;0;0;0;24;0;0;80;0;0;0;0;0;0;0;0;0;0;48;0;0;0;0;0;0;0;0;0;0;0;0;0;0;0;0;0;0;0;0;0;0;0;0;0;0;0;0;0;0;0;0;0;0;0;0;0
87;1764;20829;6066;75;1066;66;925;1159;79;1168;414;22;0;76;1024;118;675;511;0;107;654;36;8;212;6;0;0;0;0;122;37;12;0;195;0;0;0;0;19;93;0;16;0;0;0;10;0;0;0;0;0;0;0;0;0;0;0;0;0;0;0;0;0;0;0;0;0;0;0;0;0;0;0;0;0;0;0;0;0;0;0;0;0;0;0;0;0;0;0;0;0;0;0;0;0;0;0;0;0;0;0;6;0;0;0;0;0;0;0;0;0;0;0;0
10179;7804;4758;2841;5427;174;48;177;6639;245;139;28;29;402;98;1296;223;334;12;181;48;49;46;166;11;627;13;0;0;0;6;17;27;6;43;0;28;22;0;0;24;6;0;0;0;10;29;57;0;90;25;11;0;0;0;0;0;0;0;0;0;0;0;0;0;6;0;0;0;0;0;0;0;0;0;0;0;0;0;0;0;0;0;0;0;0;0;0;0;0;0;0;0;0;0;0;0;0;0;0;0;0;0;0;0;0;0;0;0;0;0;0;0;0;0
18;0;6789;4103;50;4475;107;12219;120;269;2212;0;76;0;56;0;190;4149;0;0;0;0;12;0;369;0;0;0;0;0;14;3425;0;0;24;0;0;0;0;149;0;16;20;0;0;0;0;0;0;0;13;0;0;0;0;0;0;0;0;0;0;0;0;0;0;0;0;0;0;0;0;0;0;0;0;0;0;0;0;0;0;0;0;0;0;0;0;0;0;0;0;0;0;0;0;0;0;0;0;0;0;0;0;0;0;0;0;0;0;0;0;0;0;0;0
374;425;5609;4812;1767;764;11;2017;0;0;784;0;0;5;28;577;0;14139;1767;0;33;920;0;0;271;0;0;0;15;0;83;32;0;0;408;0;0;0;0;515;0;24;0;0;244;0;0;0;0;0;0;0;0;0;0;0;3;0;0;0;0;0;0;11;0;0;0;0;70;0;0;0;0;0;0;0;0;0;0;0;0;0;0;0;0;0;0;0;0;0;0;0;0;0;0;0;0;0;0;0;0;0;0;0;0;0;0;0;0;0;0;0;0;0;0
1251;1101;9371;3475;1867;1533;31;4741;18;27;468;0;0;0;37;1931;64;3311;199;0;917;1067;17;274;233;0;0;0;0;0;207;280;0;0;0;109;0;0;0;16;18;18;0;0;195;0;0;0;0;0;0;0;0;0;0;0;0;0;0;0;0;0;0;0;0;0;0;0;0;0;0;0;0;0;0;0;0;0;0;0;0;0;0;0;0;0;0;0;0;0;0;0;0;0;0;0;0;0;0;0;0;0;0;0;0;0;0;0;0;0;0;0;0;0;0
16;37;12024;4078;708;1223;45;1792;45;87;267;369;144;0;53;1847;43;4792;824;0;2785;473;50;326;455;21;0;0;0;0;118;624;16;0;0;43;0;2;0;61;8;10;18;0;0;0;0;0;0;0;9;0;0;0;0;0;0;0;0;0;0;0;0;0;0;0;0;0;0;0;0;0;0;0;0;0;0;0;0;0;0;0;0;0;0;0;0;0;0;0;0;0;0;0;0;0;0;0;0;0;0;0;0;0;0;0;0;0;0;0;0;0;0;0;0
508;6284;3405;5282;313;371;515;1552;521;2213;371;325;897;250;963;587;551;2484;0;0;148;204;547;581;60;23;0;0;0;0;270;31;209;392;215;155;13;326;146;0;0;140;0;0;0;9;0;0;0;0;66;0;23;0;0;0;0;0;100;9;0;0;0;0;0;0;0;0;0;0;0;0;0;0;0;0;0;0;0;0;0;0;0;0;0;0;0;0;0;0;0;0;0;0;0;0;0;0;0;0;0;0;0;0;0;0;0;0;0;0;0;0;0;0;0
129;809;8951;9608;911;408;185;4755;894;597;212;158;363;300;1581;177;16;1161;61;25;22;281;58;0;20;498;8;0;2;249;104;102;99;0;898;409;580;66;19;59;30;52;0;17;0;9;0;4;0;0;0;68;0;0;0;5;137;0;0;0;5;0;11;0;42;0;7;0;0;0;0;0;11;0;0;0;12;0;0;0;8;0;0;0;10;22;0;0;0;0;0;0;0;0;0;0;0;0;0;0;0;0;0;0;0;0;0;4;0;0;0;0;0;0;0
310;11;19256;3505;1915;199;59;680;111;319;375;3227;173;218;270;57;57;1522;116;0;222;507;290;15;42;33;0;0;31;14;3;0;43;112;165;33;109;4;0;72;0;0;25;0;0;0;16;0;0;0;71;13;32;0;0;0;0;0;0;0;0;0;0;9;0;0;0;0;0;0;0;0;0;0;0;0;0;0;0;0;0;0;0;0;0;0;0;0;0;0;0;0;0;0;0;0;0;0;0;0;0;0;0;0;0;0;0;0;0;0;0;0;0;0;0
1555;623;8027;5592;913;3682;1454;4248;2579;331;386;503;0;19;66;1124;63;1433;142;0;106;2284;0;404;138;5;0;15;712;70;8;675;0;115;356;0;2;0;0;54;0;0;0;0;0;0;0;0;0;40;14;0;14;0;0;15;0;0;0;0;0;0;0;0;0;0;0;0;5;0;0;0;0;0;0;0;0;0;0;11;0;0;0;0;0;0;0;0;0;0;0;0;0;0;0;0;0;0;0;0;0;0;0;0;2;0;0;0;0;0;0;0;0;0;0
4231;12;4277;6061;464;512;484;9427;676;2288;905;147;750;1325;1683;1316;3185;985;12;301;465;678;153;156;179;96;0;217;74;0;151;15;22;0;96;11;43;28;0;9;0;61;34;0;0;0;0;0;0;0;0;0;0;42;0;0;0;0;14;0;0;0;0;0;0;0;0;0;0;0;0;0;0;0;0;0;0;0;0;0;0;0;0;0;0;0;0;0;0;0;0;0;0;0;0;0;0;0;0;0;0;0;0;0;0;0;0;0;0;0;0;0;0;0;0
265;0;18066;3879;96;4371;43;2818;1619;160;499;6;111;151;675;87;73;455;82;0;351;79;515;0;597;0;16;14;0;0;85;699;105;0;0;26;8;0;0;82;53;0;38;109;0;0;5;0;0;33;11;0;0;0;0;0;0;0;0;0;0;0;0;18;0;0;0;0;0;0;0;0;0;0;0;0;0;0;0;0;0;0;0;0;0;0;0;0;0;0;0;0;0;0;0;0;0;0;0;0;0;0;0;0;0;0;0;0;0;0;0;0;0;0;0
633;4516;5488;8731;586;78;239;261;887;2893;139;568;1427;1817;2816;850;1202;628;8;251;108;1560;611;367;19;116;0;4;74;0;53;8;280;240;36;227;73;613;59;0;0;198;112;12;0;0;0;46;0;9;123;24;50;46;0;187;0;0;45;7;0;0;0;0;0;0;0;0;0;0;0;0;0;0;0;0;0;0;0;0;0;0;0;0;0;0;0;0;0;0;0;0;0;0;0;0;11;0;0;0;0;0;0;0;0;0;0;0;0;0;0;0;0;0;0
6243;103;8552;5023;745;56;349;2972;331;1336;918;933;477;1180;964;911;246;1591;90;25;282;471;519;218;19;817;0;222;20;276;458;52;115;193;336;282;1198;161;350;26;0;6;29;52;0;0;0;147;0;0;247;0;44;0;0;260;72;0;61;0;5;0;19;0;0;13;0;0;5;0;49;0;14;0;0;0;0;0;0;9;0;59;0;0;0;0;0;0;0;0;0;0;0;0;0;0;0;0;0;0;0;0;0;0;0;0;5;5;0;0;0;0;0;0;0
1534;0;9783;5224;3089;53;340;38;2229;60;0;269;0;182;2439;601;25;503;73;1058;0;220;69;292;0;0;8;18;0;51;0;0;15;0;0;6;17;0;0;0;0;24;21;0;0;141;109;212;0;39;60;0;0;0;0;4;0;0;106;0;0;0;0;0;0;0;0;0;0;39;0;0;0;0;0;0;0;0;0;0;0;0;0;0;0;0;0;0;0;0;0;0;0;0;0;0;0;0;0;0;0;0;0;0;0;0;0;0;0;0;0;0;0;0;0
2763;5446;6557;1054;1123;306;484;1647;88;23;341;34;231;21;343;3978;0;528;0;1039;128;242;10;226;14;706;141;0;99;0;15;0;0;16;0;0;0;0;0;0;0;0;0;19;0;0;0;0;0;0;146;0;14;0;0;0;0;0;0;0;0;0;0;8;0;0;0;0;0;0;0;0;0;0;0;0;0;0;0;0;0;0;0;13;0;0;0;0;0;0;0;0;0;0;0;0;0;0;0;0;0;0;0;0;0;0;0;0;0;0;0;0;0;0;0
2465;0;10516;3798;2036;150;105;965;4898;266;187;225;1867;0;1580;484;17;1231;115;0;6;2825;44;442;57;548;33;0;335;37;12;115;224;98;109;14;87;11;0;22;0;0;10;0;0;17;0;0;0;19;8;5;21;0;0;0;16;0;0;0;0;0;0;0;0;0;0;0;0;0;0;0;0;46;0;0;2;0;0;4;0;0;0;0;0;5;0;0;0;0;0;0;0;0;0;0;0;0;0;0;0;0;0;0;0;0;0;0;0;0;0;0;0;0;0
5192;31;6579;8983;130;103;89;941;9489;66;237;409;2349;8;406;23;0;225;24;682;0;33;52;9;15;137;53;0;78;0;28;3;60;37;131;27;107;17;0;20;0;55;16;0;0;81;24;0;0;36;0;14;7;0;0;3;0;0;40;17;0;0;0;0;0;0;0;0;0;0;26;0;0;0;0;0;0;0;0;0;0;0;0;0;0;0;0;0;0;0;0;0;0;0;0;0;0;0;0;0;0;0;0;0;0;0;0;0;4;0;0;0;0;0;0
2077;169;12260;2942;5882;173;164;11229;166;821;168;184;186;948;515;623;1512;333;50;226;99;522;1582;367;18;728;0;0;0;6;23;23;64;0;46;398;0;12;25;6;0;0;40;0;0;5;28;6;0;6;286;0;15;0;0;0;0;0;0;0;8;0;0;0;27;0;0;0;0;0;0;0;0;0;0;0;0;0;0;0;0;0;0;0;0;0;0;0;0;0;0;0;0;0;0;0;0;0;0;0;0;0;0;0;0;0;0;0;0;0;0;0;0;0;0
2182;2726;15119;3336;361;895;9;4340;29;783;1888;82;584;194;456;755;241;420;141;8;202;516;50;82;309;80;7;26;0;6;70;453;65;0;9;28;46;26;0;16;7;22;0;0;0;0;0;0;0;0;0;0;0;0;0;12;0;0;0;2;0;0;0;19;0;0;0;0;0;0;0;0;0;0;0;0;5;0;0;0;0;0;0;0;0;0;0;0;0;0;0;0;0;0;0;0;0;0;0;0;0;0;0;0;0;0;0;0;0;0;0;0;0;0;0
11690;61;3629;6537;138;59;3505;1834;2324;116;73;133;520;0;3604;112;8;699;49;0;0;41;62;0;70;189;0;11;19;51;35;0;0;15;209;73;226;29;0;20;0;0;8;3;0;56;43;0;0;147;16;10;0;0;0;4;22;2;0;11;0;0;4;0;0;0;0;0;0;0;0;0;0;0;0;0;5;0;0;0;0;0;0;0;0;0;0;0;0;3;0;0;0;0;0;0;0;0;0;0;0;0;0;0;0;0;0;0;0;0;0;0;0;0;0
670;645;17653;3553;1933;1151;0;3856;6;61;298;10;468;0;144;2004;16;794;177;16;723;463;205;81;330;4;0;0;0;0;121;747;0;0;342;530;0;6;0;17;0;0;73;0;0;0;0;0;0;0;0;0;0;0;0;0;0;0;0;0;0;3;0;21;0;0;15;0;10;0;0;0;0;0;0;0;0;43;0;0;0;0;0;0;0;0;0;0;0;0;0;0;0;0;0;0;0;0;0;0;0;0;0;0;0;0;0;0;0;0;0;0;0;0;0
253;30;10789;5143;4476;34;29;253;1274;1773;29;1525;844;163;735;1956;1839;1000;32;15;31;2118;672;520;6;183;11;0;4;56;24;13;42;98;216;98;241;32;6;8;0;0;0;7;8;19;0;0;0;0;0;27;21;0;0;0;37;3;0;0;0;0;12;0;8;124;0;0;0;0;0;0;6;0;0;0;0;0;0;0;0;0;0;0;10;0;0;0;0;9;0;0;0;0;0;2;0;0;0;0;0;0;0;0;0;0;0;0;0;0;0;0;0;0;0
9;0;5718;4000;131;662;71;13588;86;128;301;0;0;7;29;16;111;0;276;0;0;42;0;2;208;0;0;0;48;0;6;215;0;0;844;0;0;22;0;268;0;0;0;0;0;0;0;0;0;0;0;3;0;0;0;0;0;0;0;0;0;0;0;0;0;0;0;0;0;0;0;0;0;0;0;0;0;0;0;0;0;0;0;0;0;0;0;0;0;0;0;0;0;0;0;3;0;0;0;0;0;0;0;0;0;0;0;0;0;0;0;0;0;0;0
1256;72;7430;20645;177;32;434;975;4190;203;101;486;8;938;1444;5;0;314;150;0;0;0;166;0;7;81;0;2197;0;7;45;18;78;0;26;0;52;7;0;0;89;12;0;0;0;407;57;0;0;294;185;0;0;0;0;5;0;0;491;0;12;0;0;0;0;0;0;0;0;43;0;0;0;0;0;0;0;0;0;0;0;0;0;0;0;0;0;0;0;0;0;0;0;0;0;0;0;0;0;0;0;0;0;0;0;0;0;0;0;0;0;0;0;0;0
643;0;7777;4676;74;0;2165;305;517;2406;49;1106;979;509;584;0;469;5313;5;285;0;0;239;0;0;563;80;0;0;0;2537;78;28;9;247;0;30;141;1216;0;141;50;31;20;0;43;0;0;0;16;1794;0;0;0;0;0;0;0;0;0;0;0;0;0;0;0;0;0;0;0;0;0;0;25;0;0;0;0;0;0;0;0;0;0;0;0;0;0;0;0;0;0;0;0;0;0;0;0;0;0;0;0;0;0;0;0;0;0;0;0;0;0;0;0;0
4614;693;9366;8972;533;180;106;786;5104;857;74;85;2110;59;707;99;661;402;6;547;37;280;103;112;6;3057;101;0;0;0;18;18;73;0;91;3;83;75;0;21;167;0;0;0;0;59;35;38;0;62;31;67;4;0;0;0;0;0;122;0;16;0;0;0;0;35;0;0;0;26;0;0;0;0;0;0;0;0;0;0;0;0;0;0;0;0;0;0;0;0;0;0;0;0;0;0;0;0;0;0;0;0;0;0;0;0;0;0;0;0;0;0;0;0;0
2190;1271;10050;13944;173;43;135;180;3893;140;36;703;163;0;2299;65;55;385;18;16;19;139;550;0;0;579;0;0;0;82;35;0;15;112;120;163;236;41;5;11;0;7;5;0;0;56;0;0;0;117;0;29;30;0;0;2;26;0;0;0;7;0;8;0;0;0;0;2;0;0;0;0;5;52;0;0;0;0;0;0;0;0;0;0;5;2;0;0;0;0;0;0;0;0;0;0;0;0;0;0;0;0;0;0;0;0;0;0;0;0;0;0;0;0;0
1575;857;13667;4258;1834;1360;1202;7332;124;6;530;25;883;203;37;4925;0;35;51;0;52;1389;91;388;65;208;0;0;0;2402;74;436;13;4;0;0;9;0;39;13;0;0;17;0;0;0;0;0;0;0;19;5;0;0;0;0;0;0;0;0;7;0;0;11;0;0;0;0;0;0;0;0;0;0;0;0;0;0;0;0;0;0;0;0;0;0;0;0;0;0;0;0;0;0;0;0;0;0;0;0;0;0;0;0;0;0;0;0;0;0;0;0;0;0;0
3058;0;21791;9576;275;0;319;190;1575;227;11;0;505;0;33;0;0;0;0;141;0;0;238;0;0;89;0;0;0;0;0;0;71;0;0;0;0;0;0;0;0;0;0;0;0;7;0;0;0;0;0;0;0;0;0;0;0;0;0;0;0;0;0;0;0;0;0;0;0;0;0;0;0;0;0;0;0;0;0;0;0;0;0;0;0;0;0;0;0;0;0;0;0;0;0;0;0;0;0;0;0;0;0;0;0;0;0;0;0;0;0;0;0;0;0
15110;377;9420;2024;419;0;9707;13;667;792;0;0;265;357;769;200;833;406;86;23;89;261;283;185;3;53;0;0;22;125;74;0;9;12;4;0;3;70;0;3;25;6;0;0;0;12;9;0;0;33;23;0;0;0;0;0;0;0;0;0;5;0;0;0;0;0;0;0;0;0;0;0;0;0;0;0;0;0;6;0;0;0;0;0;0;0;0;0;0;0;0;0;0;0;0;0;0;0;0;0;0;0;0;0;0;0;0;0;0;4;0;0;0;0;0
11;458;4685;2447;620;1314;178;13048;201;162;969;41;0;44;92;277;25;3757;0;5;0;445;35;6;906;24;0;0;18;0;33;2139;0;0;2;0;2;0;0;368;0;0;0;0;0;0;0;0;0;0;0;0;0;0;0;0;0;0;0;0;0;0;0;0;0;0;0;0;0;0;0;0;0;0;0;0;0;0;0;0;0;0;0;0;0;0;0;0;0;0;0;0;0;0;0;0;0;0;0;0;0;0;0;0;0;0;0;0;0;0;0;0;0;0;0
37;0;6692;4194;1422;15;1562;524;5;17;116;75;0;29;98;191;9;12773;0;9;21;860;0;61;309;0;0;0;6;884;43;10;0;0;894;177;0;0;0;395;0;0;0;0;0;0;0;0;0;0;0;0;0;0;0;0;0;0;0;0;0;0;0;0;0;0;0;0;0;0;0;0;0;0;0;0;0;0;0;0;0;0;0;0;0;0;0;0;0;0;0;0;0;0;0;0;0;0;0;0;0;0;0;0;0;0;0;0;0;0;0;0;0;0;0
2112;0;5995;12236;283;2736;41;8301;2061;164;547;0;113;663;802;316;0;225;670;40;41;538;366;0;302;78;0;0;0;0;94;749;55;6;0;0;46;0;0;17;119;0;0;0;0;0;0;0;0;0;0;5;0;0;0;0;0;0;12;3;0;0;0;35;0;0;0;0;0;0;11;0;0;0;0;0;0;0;0;0;0;0;0;0;0;0;0;0;0;0;0;0;0;0;0;0;0;0;0;0;0;0;0;0;0;0;0;0;0;0;0;0;0;0;0
3221;0;3845;6838;85;3043;76;12761;10;0;1786;0;393;714;429;0;0;1132;680;0;0;6;978;0;901;0;0;7;0;66;117;41;15;0;651;0;0;0;412;0;59;0;23;0;0;0;0;115;0;0;101;0;0;0;0;0;0;0;0;0;0;0;0;16;0;0;0;0;0;0;0;0;0;0;0;0;0;0;0;0;0;0;0;0;0;0;0;0;0;0;0;0;0;0;0;0;0;0;0;0;0;0;0;0;0;0;0;0;0;0;0;0;0;0;0
158;0;12606;4062;332;3343;5;12327;16;34;1996;14;27;19;20;0;0;1242;2080;0;0;3;3;0;314;0;0;0;0;0;162;222;0;0;0;0;0;0;0;298;0;0;0;0;44;0;0;0;0;0;0;0;0;0;0;0;0;0;0;0;0;0;0;0;0;0;0;0;0;0;0;0;0;0;0;0;0;0;0;0;0;0;0;0;0;0;0;0;0;0;0;0;0;0;0;0;0;0;0;0;0;0;0;0;0;0;0;0;0;0;0;0;0;0;0
77;114;9026;2029;799;2994;0;4288;10;0;1647;16;0;92;191;1734;14;1234;320;0;241;757;0;176;1526;0;0;0;4;0;134;1137;0;0;623;546;0;0;0;230;32;0;37;3166;0;0;0;0;0;0;0;0;0;0;0;0;0;0;0;0;0;0;0;12;0;0;0;0;0;0;0;0;0;0;0;0;0;0;0;0;0;0;0;0;0;0;0;0;0;0;0;0;0;0;0;0;0;0;0;0;0;0;0;0;0;0;0;0;0;0;0;0;0;0;0
4172;0;8018;4187;3611;68;123;358;120;754;73;660;381;114;1569;719;935;4594;0;17;44;1554;351;10;72;562;0;0;12;6;135;13;37;15;1277;1157;116;9;2;0;0;0;74;0;0;0;0;0;0;13;17;8;0;0;0;0;19;0;0;0;0;0;6;10;0;0;0;0;0;2;0;0;5;0;0;0;0;0;0;0;0;0;0;0;0;0;0;0;0;0;0;0;0;0;0;0;0;0;0;0;0;0;0;0;0;0;0;0;0;0;0;0;0;0;0
288;5268;20443;7208;2789;49;1914;372;30;44;107;0;0;88;280;669;51;199;731;0;502;160;59;67;9;0;0;0;0;2;642;13;4;0;7;96;7;4;0;39;24;0;31;0;0;0;0;0;0;0;0;0;3;0;0;5;0;7;0;0;0;0;0;5;0;0;0;0;0;0;0;0;0;0;0;0;0;0;0;0;0;0;0;0;0;0;0;0;0;0;0;0;0;0;0;0;0;0;0;0;0;0;0;0;0;0;0;0;0;0;0;0;0;0;0
